amount,financepy.finutils.FinAmount,financepy.finutils.FinAmount.amount,financepy.finutils.FinMath.maximum,,,,,,,,,,,,,,,,,,
percentage,financepy.finutils.FinAmount,financepy.finutils.FinAmount.amount,financepy.finutils.FinMath.maximum,,,,,,,,,,,,,,,,,,
exceed,financepy.finutils.FinAmount,financepy.finutils.FinAmount.amount,financepy.finutils.FinMath.maximum,,,,,,,,,,,,,,,,,,
pay,financepy.finutils.FinAmount,financepy.finutils.FinAmount.amount,,,,,,,,,,,,,,,,,,,
portion,financepy.finutils.FinAmount,financepy.finutils.FinAmount.amount,,,,,,,,,,,,,,,,,,,
maximum,financepy.finutils.FinAmount,financepy.finutils.FinAmount.amount,financepy.finutils.FinMath.maximum,,,,,,,,,,,,,,,,,,
calender,financepy.finutils.FinCalender,,,,,,,,,,,,,,,,,,,,
adjust,financepy.finutils.FinCalender.adjust,,,,,,,,,,,,,,,,,,,,
calculate,financepy.finutils.FinCalender.adjust,financepy.finutils.FinDate.calculateList,financepy.market.volatility.FinEquityVolCurve.calculatePDF,,,,,,,,,,,,,,,,,,
reflect,financepy.finutils.FinCalender.adjust,,,,,,,,,,,,,,,,,,,,
adjustment,financepy.finutils.FinCalender.adjust,,,,,,,,,,,,,,,,,,,,
basis,financepy.finutils.FinCalender.adjust,,,,,,,,,,,,,,,,,,,,
figure,financepy.finutils.FinCalender.adjust,financepy.finutils.FinDate.calculateList,financepy.market.volatility.FinEquityVolCurve.calculatePDF,,,,,,,,,,,,,,,,,,
business,financepy.finutils.FinCalender.addBusinessDays,financepy.finutils.FinCalender.isBusinessDay,,,,,,,,,,,,,,,,,,,
part,financepy.finutils.FinCalender.addBusinessDays,financepy.finutils.FinCalender.isBusinessDay,financepy.finutils.FinDate.dailyWorkingDaySchedule,,,,,,,,,,,,,,,,,,
company,financepy.finutils.FinCalender.addBusinessDays,financepy.finutils.FinCalender.isBusinessDay,,,,,,,,,,,,,,,,,,,
well,financepy.finutils.FinCalender.addBusinessDays,financepy.finutils.FinCalender.isBusinessDay,,,,,,,,,,,,,,,,,,,
many,financepy.finutils.FinCalender.addBusinessDays,financepy.finutils.FinCalender.isBusinessDay,,,,,,,,,,,,,,,,,,,
operate,financepy.finutils.FinCalender.addBusinessDays,financepy.finutils.FinCalender.isBusinessDay,,,,,,,,,,,,,,,,,,,
day,financepy.finutils.FinCalender.addBusinessDays,financepy.finutils.FinCalender.isBusinessDay,financepy.finutils.FinDate.addDays,financepy.finutils.FinDate.addWeekDays,financepy.finutils.FinDate.addMonths,financepy.finutils.FinDate.thirdWednesdayOfMonth,financepy.finutils.FinDate.weekDay,financepy.finutils.FinDate.dailyWorkingDaySchedule,financepy.finutils.FinDate.daysInMonth,financepy.finutils.FinDayCount,financepy.finutils.FinDayCountisLastDayOfFeb,,,,,,,,,,
week,financepy.finutils.FinCalender.addBusinessDays,financepy.finutils.FinCalender.isBusinessDay,financepy.finutils.FinDate.addDays,financepy.finutils.FinDate.addWeekDays,financepy.finutils.FinDate.addMonths,financepy.finutils.FinDate.thirdWednesdayOfMonth,financepy.finutils.FinDate.weekDay,financepy.finutils.FinDate.dailyWorkingDaySchedule,financepy.finutils.FinDate.daysInMonth,financepy.finutils.FinDayCount,financepy.finutils.FinDayCountisLastDayOfFeb,,,,,,,,,,
month,financepy.finutils.FinCalender.addBusinessDays,financepy.finutils.FinCalender.isBusinessDay,financepy.finutils.FinDate.addDays,financepy.finutils.FinDate.addWeekDays,financepy.finutils.FinDate.addMonths,financepy.finutils.FinDate.addYears,financepy.finutils.FinDate.thirdWednesdayOfMonth,financepy.finutils.FinDate.isLeapYear,financepy.finutils.FinDate.weekDay,financepy.finutils.FinDate.dailyWorkingDaySchedule,financepy.finutils.FinDate.daysInMonth,financepy.finutils.FinDayCount,financepy.finutils.FinDayCount.yearFrac,financepy.finutils.FinDayCountisLastDayOfFeb,financepy.finutils.FinMath.isLeapYear,,,,,,
close,financepy.finutils.FinCalender.addBusinessDays,financepy.finutils.FinCalender.isBusinessDay,financepy.finutils.FinDate.addDays,financepy.finutils.FinDate.addWeekDays,financepy.finutils.FinDate.weekDay,financepy.finutils.FinDate.dailyWorkingDaySchedule,financepy.finutils.FinDate.daysInMonth,financepy.finutils.FinDayCount,financepy.finutils.FinDayCountisLastDayOfFeb,,,,,,,,,,,,
last,financepy.finutils.FinCalender.addBusinessDays,financepy.finutils.FinCalender.isBusinessDay,financepy.finutils.FinDate.addDays,financepy.finutils.FinDate.addWeekDays,financepy.finutils.FinDate.addMonths,financepy.finutils.FinDate.addYears,financepy.finutils.FinDate.nextCDSDate,financepy.finutils.FinDate.thirdWednesdayOfMonth,financepy.finutils.FinDate.isLeapYear,financepy.finutils.FinDate.weekDay,financepy.finutils.FinDate.dailyWorkingDaySchedule,financepy.finutils.FinDate.daysInMonth,financepy.finutils.FinDayCount,financepy.finutils.FinDayCount.yearFrac,financepy.finutils.FinDayCountisLastDayOfFeb,financepy.finutils.FinMath.isLeapYear,,,,,
time,financepy.finutils.FinCalender.addBusinessDays,financepy.finutils.FinCalender.isBusinessDay,financepy.finutils.FinDate,financepy.finutils.FinDate.addDays,financepy.finutils.FinDate.addWeekDays,financepy.finutils.FinDate.nextCDSDate,"financepy.finutils.FinDate,nextMMDate",financepy.finutils.FinDate.setDateFormatType,financepy.finutils.FinDate.dateIndex,financepy.finutils.FinDate.dateFromIndex,financepy.finutils.FinDate.weekDay,financepy.finutils.FinDate.dailyWorkingDaySchedule,financepy.finutils.FinDate.daysInMonth,financepy.finutils.FinDate.dateRange,financepy.finutils.FinDayCount,financepy.finutils.FinDayCountisLastDayOfFeb,financepy.finutils.FinHelperFunctions.pv01Times,financepy.finutils.FinHelperFunctions.timesFromDates,financepy.finutils.FinHelperFunctions.checkDate,financepy.finutils.FinHelperFunctions.inputTime,financepy.finutils.FinSchedule.scheduleDates
add,financepy.finutils.FinCalender.addBusinessDays,financepy.finutils.FinDate.addDays,financepy.finutils.FinDate.addWeekDays,financepy.finutils.FinDate.addMonths,financepy.finutils.FinDate.addYears,financepy.finutils.FinDate.addTenor,,,,,,,,,,,,,,,
additional,financepy.finutils.FinCalender.addBusinessDays,financepy.finutils.FinDate.addDays,financepy.finutils.FinDate.addWeekDays,financepy.finutils.FinDate.addMonths,financepy.finutils.FinDate.addYears,financepy.finutils.FinDate.addTenor,,,,,,,,,,,,,,,
addition,financepy.finutils.FinCalender.addBusinessDays,financepy.finutils.FinDate.addDays,financepy.finutils.FinDate.addWeekDays,financepy.finutils.FinDate.addMonths,financepy.finutils.FinDate.addYears,financepy.finutils.FinDate.addTenor,,,,,,,,,,,,,,,
extra,financepy.finutils.FinCalender.addBusinessDays,financepy.finutils.FinDate.addDays,financepy.finutils.FinDate.addWeekDays,financepy.finutils.FinDate.addMonths,financepy.finutils.FinDate.addYears,financepy.finutils.FinDate.addTenor,,,,,,,,,,,,,,,
come,financepy.finutils.FinCalender.addBusinessDays,financepy.finutils.FinDate.addDays,financepy.finutils.FinDate.addWeekDays,financepy.finutils.FinDate.addMonths,financepy.finutils.FinDate.addYears,financepy.finutils.FinDate.addTenor,,,,,,,,,,,,,,,
include,financepy.finutils.FinCalender.addBusinessDays,financepy.finutils.FinDate.addDays,financepy.finutils.FinDate.addWeekDays,financepy.finutils.FinDate.addMonths,financepy.finutils.FinDate.addYears,financepy.finutils.FinDate.addTenor,financepy.finutils.FinDate.setDateFormatType,financepy.finutils.FinDate.testType,financepy.finutils.FinHelperFunctions.toUsableType,financepy.finutils.FinHelperFunctions.uniformToDefaultType,financepy.finutils.FinHelperFunctions.checkArgumentTypes,,,,,,,,,,
be,financepy.finutils.FinCalender.isBusinessDay,financepy.finutils.FinDate.isWeekend,financepy.finutils.FinDate.isLeapYear,financepy.finutils.FinMath.isLeapYear,,,,,,,,,,,,,,,,,
holiday,financepy.finutils.FinCalender.getHolidayList,financepy.finutils.FinDate.isWeekend,,,,,,,,,,,,,,,,,,,
weekend,financepy.finutils.FinCalender.getHolidayList,financepy.finutils.FinDate.isWeekend,,,,,,,,,,,,,,,,,,,
thanksgiving,financepy.finutils.FinCalender.getHolidayList,financepy.finutils.FinDate.isWeekend,,,,,,,,,,,,,,,,,,,
season,financepy.finutils.FinCalender.getHolidayList,,,,,,,,,,,,,,,,,,,,
christmas,financepy.finutils.FinCalender.getHolidayList,financepy.finutils.FinCalender.easterMonday,,,,,,,,,,,,,,,,,,,
shop,financepy.finutils.FinCalender.getHolidayList,,,,,,,,,,,,,,,,,,,,
list,financepy.finutils.FinCalender.getHolidayList,financepy.finutils.FinDate.calculateList,,,,,,,,,,,,,,,,,,,
find,financepy.finutils.FinCalender.getHolidayList,financepy.finutils.FinDate.calculateList,,,,,,,,,,,,,,,,,,,
exchange,financepy.finutils.FinCalender.getHolidayList,financepy.finutils.FinDate.calculateList,,,,,,,,,,,,,,,,,,,
along,financepy.finutils.FinCalender.getHolidayList,financepy.finutils.FinDate.calculateList,,,,,,,,,,,,,,,,,,,
stock,financepy.finutils.FinCalender.getHolidayList,financepy.finutils.FinDate.calculateList,financepy.market.volatility.FinlborCapVolCurve,financepy.market.volatility.FinlborCapVolCurve.capVol,financepy.market.volatility.FinlborCapVolCurveFn,financepy.market.volatility.FinlborCapVolCurveFn.capFloorletVol,,,,,,,,,,,,,,,
get,financepy.finutils.FinCalender.getHolidayList,,,,,,,,,,,,,,,,,,,,
want,financepy.finutils.FinCalender.getHolidayList,,,,,,,,,,,,,,,,,,,,
take,financepy.finutils.FinCalender.getHolidayList,financepy.finutils.FinDate.dailyWorkingDaySchedule,financepy.finutils.FinHelperFunctions.pv01Times,financepy.finutils.FinHelperFunctions.timesFromDates,financepy.finutils.FinHelperFunctions.inputTime,financepy.finutils.FinStatistics.var,,,,,,,,,,,,,,,
even,financepy.finutils.FinCalender.getHolidayList,financepy.finutils.FinDate.isWeekend,financepy.finutils.FinHelperFunctions.pv01Times,financepy.finutils.FinHelperFunctions.timesFromDates,financepy.finutils.FinHelperFunctions.inputTime,,,,,,,,,,,,,,,,
much,financepy.finutils.FinCalender.getHolidayList,financepy.finutils.FinDate.dailyWorkingDaySchedule,,,,,,,,,,,,,,,,,,,
monday,financepy.finutils.FinCalender.easterMonday,financepy.finutils.FinDate.isWeekend,,,,,,,,,,,,,,,,,,,
friday,financepy.finutils.FinCalender.easterMonday,financepy.finutils.FinDate.isWeekend,,,,,,,,,,,,,,,,,,,
est,financepy.finutils.FinCalender.easterMonday,,,,,,,,,,,,,,,,,,,,
thursday,financepy.finutils.FinCalender.easterMonday,financepy.finutils.FinDate.thirdWednesdayOfMonth,,,,,,,,,,,,,,,,,,,
sunday,financepy.finutils.FinCalender.easterMonday,,,,,,,,,,,,,,,,,,,,
saturday,financepy.finutils.FinCalender.easterMonday,,,,,,,,,,,,,,,,,,,,
easter,financepy.finutils.FinCalender.easterMonday,,,,,,,,,,,,,,,,,,,,
adbe,financepy.finutils.FinCalender.easterMonday,,,,,,,,,,,,,,,,,,,,
pnvi,financepy.finutils.FinCalender.easterMonday,,,,,,,,,,,,,,,,,,,,
shepherd,financepy.finutils.FinCalender.easterMonday,,,,,,,,,,,,,,,,,,,,
getaway,financepy.finutils.FinCalender.easterMonday,,,,,,,,,,,,,,,,,,,,
date,financepy.finutils.FinDate,financepy.finutils.FinDate.nextCDSDate,"financepy.finutils.FinDate,nextMMDate",financepy.finutils.FinDate.setDateFormatType,financepy.finutils.FinDate.dateIndex,financepy.finutils.FinDate.dateFromIndex,financepy.finutils.FinDate.dateRange,financepy.finutils.FinHelperFunctions.timesFromDates,financepy.finutils.FinHelperFunctions.checkDate,financepy.finutils.FinSchedule.scheduleDates,,,,,,,,,,,
expiration,financepy.finutils.FinDate,financepy.finutils.FinDate.nextCDSDate,"financepy.finutils.FinDate,nextMMDate",financepy.finutils.FinDate.setDateFormatType,financepy.finutils.FinDate.dateIndex,financepy.finutils.FinDate.dateFromIndex,financepy.finutils.FinDate.dateRange,financepy.finutils.FinHelperFunctions.timesFromDates,financepy.finutils.FinHelperFunctions.checkDate,financepy.finutils.FinSchedule.scheduleDates,financepy.market.volatility.FinFXVolSurface.solveForSmileStrike,,,,,,,,,,
upon,financepy.finutils.FinDate,financepy.finutils.FinDate.nextCDSDate,"financepy.finutils.FinDate,nextMMDate",financepy.finutils.FinDate.setDateFormatType,financepy.finutils.FinDate.dateIndex,financepy.finutils.FinDate.dateFromIndex,financepy.finutils.FinDate.dateRange,financepy.finutils.FinHelperFunctions.timesFromDates,financepy.finutils.FinHelperFunctions.checkDate,financepy.finutils.FinSchedule.scheduleDates,,,,,,,,,,,
maturity,financepy.finutils.FinDate,financepy.finutils.FinDate.nextCDSDate,"financepy.finutils.FinDate,nextMMDate",financepy.finutils.FinDate.setDateFormatType,financepy.finutils.FinDate.dateIndex,financepy.finutils.FinDate.dateFromIndex,financepy.finutils.FinDate.dateRange,financepy.finutils.FinHelperFunctions.timesFromDates,financepy.finutils.FinHelperFunctions.checkDate,financepy.finutils.FinSchedule.scheduleDates,,,,,,,,,,,
specify,financepy.finutils.FinDate,financepy.finutils.FinDate.nextCDSDate,"financepy.finutils.FinDate,nextMMDate",financepy.finutils.FinDate.setDateFormatType,financepy.finutils.FinDate.dateIndex,financepy.finutils.FinDate.dateFromIndex,financepy.finutils.FinDate.dateRange,financepy.finutils.FinHelperFunctions.timesFromDates,financepy.finutils.FinHelperFunctions.checkDate,financepy.finutils.FinSchedule.scheduleDates,,,,,,,,,,,
hour,financepy.finutils.FinDate.addWeekDays,financepy.finutils.FinDate.weekDay,,,,,,,,,,,,,,,,,,,
eight,financepy.finutils.FinDate.addWeekDays,financepy.finutils.FinDate.weekDay,,,,,,,,,,,,,,,,,,,
year,financepy.finutils.FinDate.addMonths,financepy.finutils.FinDate.addYears,financepy.finutils.FinDate.nextCDSDate,financepy.finutils.FinDate.thirdWednesdayOfMonth,financepy.finutils.FinDate.isLeapYear,financepy.finutils.FinDate.daysInMonth,financepy.finutils.FinDayCount.yearFrac,financepy.finutils.FinDayCountisLastDayOfFeb,financepy.finutils.FinMath.isLeapYear,,,,,,,,,,,,
period,financepy.finutils.FinDate.addMonths,financepy.finutils.FinDate.thirdWednesdayOfMonth,financepy.finutils.FinDate.daysInMonth,financepy.finutils.FinDayCountisLastDayOfFeb,,,,,,,,,,,,,,,,,
five,financepy.finutils.FinDate.addYears,financepy.finutils.FinDate.nextCDSDate,financepy.finutils.FinDate.isLeapYear,financepy.finutils.FinDayCount.yearFrac,financepy.finutils.FinMath.isLeapYear,,,,,,,,,,,,,,,,
next,financepy.finutils.FinDate.addYears,financepy.finutils.FinDate.nextCDSDate,financepy.finutils.FinDate.isLeapYear,financepy.finutils.FinDayCount.yearFrac,financepy.finutils.FinDayCountisLastDayOfFeb,financepy.finutils.FinMath.isLeapYear,,,,,,,,,,,,,,,
since,financepy.finutils.FinDate.addYears,financepy.finutils.FinDate.isLeapYear,financepy.finutils.FinDayCount.yearFrac,financepy.finutils.FinHelperFunctions.pv01Times,financepy.finutils.FinHelperFunctions.timesFromDates,financepy.finutils.FinHelperFunctions.inputTime,financepy.finutils.FinMath.isLeapYear,,,,,,,,,,,,,,
start,financepy.finutils.FinDate.nextCDSDate,,,,,,,,,,,,,,,,,,,,
first,financepy.finutils.FinDate.nextCDSDate,,,,,,,,,,,,,,,,,,,,
cds,financepy.finutils.FinDate.nextCDSDate,,,,,,,,,,,,,,,,,,,,
deposit,financepy.finutils.FinDate.nextCDSDate,financepy.finutils.FinHelperFunctions.checkVectorDifferences,financepy.finutils.FinHelperFunctions.checkDate,financepy.finutils.FinHelperFunctions.checkArgumentTypes,financepy.market.volatility.FinFXVolSurface.checkCalibration,,,,,,,,,,,,,,,,
jumbo,financepy.finutils.FinDate.nextCDSDate,,,,,,,,,,,,,,,,,,,,
apys,financepy.finutils.FinDate.nextCDSDate,,,,,,,,,,,,,,,,,,,,
wednesday,financepy.finutils.FinDate.thirdWednesdayOfMonth,,,,,,,,,,,,,,,,,,,,
tuesday,financepy.finutils.FinDate.thirdWednesdayOfMonth,,,,,,,,,,,,,,,,,,,,
scramble,financepy.finutils.FinDate.thirdWednesdayOfMonth,,,,,,,,,,,,,,,,,,,,
navs,financepy.finutils.FinDate.thirdWednesdayOfMonth,,,,,,,,,,,,,,,,,,,,
moc,financepy.finutils.FinDate.thirdWednesdayOfMonth,,,,,,,,,,,,,,,,,,,,
of,financepy.finutils.FinDate.thirdWednesdayOfMonth,financepy.finutils.FinDayCountisLastDayOfFeb,,,,,,,,,,,,,,,,,,,
third,financepy.finutils.FinDate.thirdWednesdayOfMonth,,,,,,,,,,,,,,,,,,,,
second,financepy.finutils.FinDate.thirdWednesdayOfMonth,,,,,,,,,,,,,,,,,,,,
party,financepy.finutils.FinDate.thirdWednesdayOfMonth,,,,,,,,,,,,,,,,,,,,
two,financepy.finutils.FinDate.thirdWednesdayOfMonth,financepy.finutils.FinHelperFunctions.checkVectorDifferences,,,,,,,,,,,,,,,,,,,
another,financepy.finutils.FinDate.thirdWednesdayOfMonth,financepy.finutils.FinError.func_name,,,,,,,,,,,,,,,,,,,
one,financepy.finutils.FinDate.thirdWednesdayOfMonth,financepy.finutils.FinError.func_name,,,,,,,,,,,,,,,,,,,
next,"financepy.finutils.FinDate,nextMMDate",,,,,,,,,,,,,,,,,,,,
mm,"financepy.finutils.FinDate,nextMMDate",,,,,,,,,,,,,,,,,,,,
tenor,financepy.finutils.FinDate.addTenor,,,,,,,,,,,,,,,,,,,,
side,financepy.finutils.FinDate.addTenor,,,,,,,,,,,,,,,,,,,,
brokered,financepy.finutils.FinDate.addTenor,,,,,,,,,,,,,,,,,,,,
notate,financepy.finutils.FinDate.addTenor,,,,,,,,,,,,,,,,,,,,
distinctly,financepy.finutils.FinDate.addTenor,,,,,,,,,,,,,,,,,,,,
ester,financepy.finutils.FinDate.addTenor,,,,,,,,,,,,,,,,,,,,
datetime,financepy.finutils.FinDate.datetime,financepy.finutils.FinDate.fromDatetime,,,,,,,,,,,,,,,,,,,
str,financepy.finutils.FinDate.str,,,,,,,,,,,,,,,,,,,,
format,financepy.finutils.FinDate.setDateFormatType,,,,,,,,,,,,,,,,,,,,
encrypt,financepy.finutils.FinDate.setDateFormatType,,,,,,,,,,,,,,,,,,,,
upload,financepy.finutils.FinDate.setDateFormatType,,,,,,,,,,,,,,,,,,,,
renko,financepy.finutils.FinDate.setDateFormatType,,,,,,,,,,,,,,,,,,,,
message,financepy.finutils.FinDate.setDateFormatType,,,,,,,,,,,,,,,,,,,,
identification,financepy.finutils.FinDate.setDateFormatType,,,,,,,,,,,,,,,,,,,,
type,financepy.finutils.FinDate.setDateFormatType,financepy.finutils.FinDate.testType,financepy.finutils.FinHelperFunctions.toUsableType,financepy.finutils.FinHelperFunctions.uniformToDefaultType,financepy.finutils.FinHelperFunctions.checkArgumentTypes,,,,,,,,,,,,,,,,
variety,financepy.finutils.FinDate.setDateFormatType,financepy.finutils.FinDate.testType,financepy.finutils.FinHelperFunctions.toUsableType,financepy.finutils.FinHelperFunctions.uniformToDefaultType,financepy.finutils.FinHelperFunctions.checkArgumentTypes,,,,,,,,,,,,,,,,
similar,financepy.finutils.FinDate.setDateFormatType,financepy.finutils.FinDate.testType,financepy.finutils.FinHelperFunctions.checkVectorDifferences,financepy.finutils.FinHelperFunctions.toUsableType,financepy.finutils.FinHelperFunctions.uniformToDefaultType,financepy.finutils.FinHelperFunctions.checkArgumentTypes,,,,,,,,,,,,,,,
also,financepy.finutils.FinDate.setDateFormatType,financepy.finutils.FinDate.testType,financepy.finutils.FinHelperFunctions.toUsableType,financepy.finutils.FinHelperFunctions.uniformToDefaultType,financepy.finutils.FinHelperFunctions.checkArgumentTypes,,,,,,,,,,,,,,,,
typically,financepy.finutils.FinDate.setDateFormatType,financepy.finutils.FinDate.testType,financepy.finutils.FinHelperFunctions.toUsableType,financepy.finutils.FinHelperFunctions.uniformToDefaultType,financepy.finutils.FinHelperFunctions.checkArgumentTypes,,,,,,,,,,,,,,,,
set,financepy.finutils.FinDate.setDateFormatType,financepy.finutils.FinHelperFunctions,financepy.market.volatility.FinFXVolSurface.volFunction,,,,,,,,,,,,,,,,,,
within,financepy.finutils.FinDate.setDateFormatType,financepy.finutils.FinDate.dateRange,financepy.finutils.FinMath.testRange,,,,,,,,,,,,,,,,,,
certain,financepy.finutils.FinDate.setDateFormatType,,,,,,,,,,,,,,,,,,,,
mean,financepy.finutils.FinDate.setDateFormatType,financepy.finutils.FinStatistics.mean,financepy.market.curves.FinDiscountCurve.zeroRate,financepy.market.curves.FinDiscountCurveNS.zeroRate,financepy.market.curves.FinDiscountCurveNSS.zeroRate,financepy.market.curves.FinDiscountCurvePoly.zeroRate,,,,,,,,,,,,,,,
define,financepy.finutils.FinDate.setDateFormatType,,,,,,,,,,,,,,,,,,,,
specific,financepy.finutils.FinDate.setDateFormatType,,,,,,,,,,,,,,,,,,,,
leap,financepy.finutils.FinDate.isLeapYear,financepy.finutils.FinMath.isLeapYear,,,,,,,,,,,,,,,,,,,
damper,financepy.finutils.FinDate.isLeapYear,financepy.finutils.FinMath.isLeapYear,,,,,,,,,,,,,,,,,,,
auspex,financepy.finutils.FinDate.isLeapYear,financepy.finutils.FinMath.isLeapYear,,,,,,,,,,,,,,,,,,,
worthlessly,financepy.finutils.FinDate.isLeapYear,financepy.finutils.FinMath.isLeapYear,,,,,,,,,,,,,,,,,,,
fade,financepy.finutils.FinDate.isLeapYear,financepy.finutils.FinMath.isLeapYear,,,,,,,,,,,,,,,,,,,
backdate,financepy.finutils.FinDate.isLeapYear,financepy.finutils.FinMath.isLeapYear,,,,,,,,,,,,,,,,,,,
calculation,financepy.finutils.FinDate.calculateList,financepy.market.volatility.FinEquityVolCurve.calculatePDF,,,,,,,,,,,,,,,,,,,
formula,financepy.finutils.FinDate.calculateList,financepy.market.volatility.FinEquityVolCurve.calculatePDF,,,,,,,,,,,,,,,,,,,
divide,financepy.finutils.FinDate.calculateList,financepy.market.volatility.FinEquityVolCurve.calculatePDF,,,,,,,,,,,,,,,,,,,
determine,financepy.finutils.FinDate.calculateList,financepy.market.volatility.FinEquityVolCurve.calculatePDF,,,,,,,,,,,,,,,,,,,
index,financepy.finutils.FinDate.dateIndex,financepy.finutils.FinDate.dateFromIndex,financepy.market.volatility.FinlborCapVolCurve,financepy.market.volatility.FinlborCapVolCurve.capVol,financepy.market.volatility.FinlborCapVolCurveFn,financepy.market.volatility.FinlborCapVolCurveFn.capFloorletVol,,,,,,,,,,,,,,,
benchmark,financepy.finutils.FinDate.dateIndex,financepy.finutils.FinDate.dateFromIndex,,,,,,,,,,,,,,,,,,,
track,financepy.finutils.FinDate.dateIndex,financepy.finutils.FinDate.dateFromIndex,,,,,,,,,,,,,,,,,,,
etf,financepy.finutils.FinDate.dateIndex,financepy.finutils.FinDate.dateFromIndex,,,,,,,,,,,,,,,,,,,
cap,financepy.finutils.FinDate.dateIndex,financepy.finutils.FinDate.dateFromIndex,financepy.finutils.FinHelperFunctions.normaliseWeights,financepy.market.volatility.FinlborCapVolCurve,financepy.market.volatility.FinlborCapVolCurve.capVol,financepy.market.volatility.FinlborCapVolCurveFn,financepy.market.volatility.FinlborCapVolCurveFn.capFloorletVol,,,,,,,,,,,,,,
russell,financepy.finutils.FinDate.dateIndex,financepy.finutils.FinDate.dateFromIndex,,,,,,,,,,,,,,,,,,,
from,financepy.finutils.FinDate.dateFromIndex,financepy.finutils.FinDate.fromDatetime,financepy.finutils.FinHelperFunctions.timesFromDates,,,,,,,,,,,,,,,,,,
work,financepy.finutils.FinDate.dailyWorkingDaySchedule,,,,,,,,,,,,,,,,,,,,
need,financepy.finutils.FinDate.dailyWorkingDaySchedule,,,,,,,,,,,,,,,,,,,,
job,financepy.finutils.FinDate.dailyWorkingDaySchedule,,,,,,,,,,,,,,,,,,,,
schedule,financepy.finutils.FinDate.dailyWorkingDaySchedule,financepy.finutils.FinSchedule,financepy.finutils.FinSchedule.scheduleDates,,,,,,,,,,,,,,,,,,
installment,financepy.finutils.FinDate.dailyWorkingDaySchedule,financepy.finutils.FinSchedule,financepy.finutils.FinSchedule.scheduleDates,,,,,,,,,,,,,,,,,,
form,financepy.finutils.FinDate.dailyWorkingDaySchedule,financepy.finutils.FinSchedule,financepy.finutils.FinSchedule.scheduleDates,,,,,,,,,,,,,,,,,,
irs,financepy.finutils.FinDate.dailyWorkingDaySchedule,financepy.finutils.FinSchedule,financepy.finutils.FinSchedule.scheduleDates,,,,,,,,,,,,,,,,,,
itemize,financepy.finutils.FinDate.dailyWorkingDaySchedule,financepy.finutils.FinSchedule,financepy.finutils.FinSchedule.scheduleDates,,,,,,,,,,,,,,,,,,
full,financepy.finutils.FinDate.dailyWorkingDaySchedule,financepy.finutils.FinSchedule,financepy.finutils.FinSchedule.scheduleDates,,,,,,,,,,,,,,,,,,
daily,financepy.finutils.FinDate.dailyWorkingDaySchedule,,,,,,,,,,,,,,,,,,,,
throughout,financepy.finutils.FinDate.dailyWorkingDaySchedule,,,,,,,,,,,,,,,,,,,,
average,financepy.finutils.FinDate.dailyWorkingDaySchedule,financepy.finutils.FinHelperFunctions.normaliseWeights,,,,,,,,,,,,,,,,,,,
volume,financepy.finutils.FinDate.dailyWorkingDaySchedule,,,,,,,,,,,,,,,,,,,,
datediff,financepy.finutils.FinDate.datediff,,,,,,,,,,,,,,,,,,,,
in,financepy.finutils.FinDate.daysInMonth,,,,,,,,,,,,,,,,,,,,
out,financepy.finutils.FinDate.daysInMonth,,,,,,,,,,,,,,,,,,,,
bail,financepy.finutils.FinDate.daysInMonth,,,,,,,,,,,,,,,,,,,,
bailouts,financepy.finutils.FinDate.daysInMonth,,,,,,,,,,,,,,,,,,,,
range,financepy.finutils.FinDate.dateRange,financepy.finutils.FinMath.testRange,,,,,,,,,,,,,,,,,,,
wide,financepy.finutils.FinDate.dateRange,financepy.finutils.FinMath.testRange,,,,,,,,,,,,,,,,,,,
different,financepy.finutils.FinDate.dateRange,financepy.finutils.FinMath.testRange,financepy.market.curves.FinInterpolator.fit,financepy.market.volatility.FinFXVolSurface.deltaFit,,,,,,,,,,,,,,,,,
small,financepy.finutils.FinDate.dateRange,financepy.finutils.FinMath.testRange,,,,,,,,,,,,,,,,,,,
vary,financepy.finutils.FinDate.dateRange,financepy.finutils.FinMath.testRange,,,,,,,,,,,,,,,,,,,
test,financepy.finutils.FinDate.testType,financepy.finutils.FinMath.testMonocity,financepy.finutils.FinMath.testRange,,,,,,,,,,,,,,,,,,
tail,financepy.finutils.FinDate.testType,financepy.finutils.FinMath.testMonocity,financepy.finutils.FinMath.testRange,,,,,,,,,,,,,,,,,,
hypothesis,financepy.finutils.FinDate.testType,financepy.finutils.FinMath.testMonocity,financepy.finutils.FinMath.testRange,,,,,,,,,,,,,,,,,,
statistical,financepy.finutils.FinDate.testType,financepy.finutils.FinMath.testMonocity,financepy.finutils.FinMath.testRange,,,,,,,,,,,,,,,,,,
testing,financepy.finutils.FinDate.testType,financepy.finutils.FinMath.testMonocity,financepy.finutils.FinMath.testRange,,,,,,,,,,,,,,,,,,
null,financepy.finutils.FinDate.testType,financepy.finutils.FinMath.testMonocity,financepy.finutils.FinMath.testRange,,,,,,,,,,,,,,,,,,
count,financepy.finutils.FinDayCount,,,,,,,,,,,,,,,,,,,,
deduct,financepy.finutils.FinDayCount,,,,,,,,,,,,,,,,,,,,
outstanding,financepy.finutils.FinDayCount,,,,,,,,,,,,,,,,,,,,
ninety,financepy.finutils.FinDayCount,,,,,,,,,,,,,,,,,,,,
total,financepy.finutils.FinDayCount,,,,,,,,,,,,,,,,,,,,
owe,financepy.finutils.FinDayCount,,,,,,,,,,,,,,,,,,,,
frac,financepy.finutils.FinDayCount.yearFrac,,,,,,,,,,,,,,,,,,,,
align,financepy.finutils.FinDayCount.yearFrac,,,,,,,,,,,,,,,,,,,,
textbf,financepy.finutils.FinDayCount.yearFrac,,,,,,,,,,,,,,,,,,,,
text,financepy.finutils.FinDayCount.yearFrac,,,,,,,,,,,,,,,,,,,,
cdots,financepy.finutils.FinDayCount.yearFrac,,,,,,,,,,,,,,,,,,,,
dfrac,financepy.finutils.FinDayCount.yearFrac,,,,,,,,,,,,,,,,,,,,
countis,financepy.finutils.FinDayCountisLastDayOfFeb,,,,,,,,,,,,,,,,,,,,
feb,financepy.finutils.FinDayCountisLastDayOfFeb,,,,,,,,,,,,,,,,,,,,
accessed,financepy.finutils.FinDayCountisLastDayOfFeb,,,,,,,,,,,,,,,,,,,,
access,financepy.finutils.FinDayCountisLastDayOfFeb,,,,,,,,,,,,,,,,,,,,
page,financepy.finutils.FinDayCountisLastDayOfFeb,,,,,,,,,,,,,,,,,,,,
oct,financepy.finutils.FinDayCountisLastDayOfFeb,,,,,,,,,,,,,,,,,,,,
aug,financepy.finutils.FinDayCountisLastDayOfFeb,,,,,,,,,,,,,,,,,,,,
error,financepy.finutils.FinError,financepy.finutils.FinError.suppressErrors,,,,,,,,,,,,,,,,,,,
transposition,financepy.finutils.FinError,financepy.finutils.FinError.suppressErrors,,,,,,,,,,,,,,,,,,,
sample,financepy.finutils.FinError,financepy.finutils.FinError.suppressErrors,,,,,,,,,,,,,,,,,,,
correct,financepy.finutils.FinError,financepy.finutils.FinError.suppressErrors,,,,,,,,,,,,,,,,,,,
variance,financepy.finutils.FinError,financepy.finutils.FinError.suppressErrors,,,,,,,,,,,,,,,,,,,
omission,financepy.finutils.FinError,financepy.finutils.FinError.suppressErrors,,,,,,,,,,,,,,,,,,,
func,financepy.finutils.FinError.func_name,,,,,,,,,,,,,,,,,,,,
name,financepy.finutils.FinError.func_name,,,,,,,,,,,,,,,,,,,,
know,financepy.finutils.FinError.func_name,,,,,,,,,,,,,,,,,,,,
old,financepy.finutils.FinError.func_name,,,,,,,,,,,,,,,,,,,,
among,financepy.finutils.FinError.func_name,,,,,,,,,,,,,,,,,,,,
suppress,financepy.finutils.FinError.suppressErrors,,,,,,,,,,,,,,,,,,,,
picnic,financepy.finutils.FinError.suppressErrors,,,,,,,,,,,,,,,,,,,,
broadcaster,financepy.finutils.FinError.suppressErrors,,,,,,,,,,,,,,,,,,,,
nonessential,financepy.finutils.FinError.suppressErrors,,,,,,,,,,,,,,,,,,,,
weakly,financepy.finutils.FinError.suppressErrors,,,,,,,,,,,,,,,,,,,,
impatient,financepy.finutils.FinError.suppressErrors,,,,,,,,,,,,,,,,,,,,
frequency,financepy.finutils.FinFrequency,,,,,,,,,,,,,,,,,,,,
severity,financepy.finutils.FinFrequency,,,,,,,,,,,,,,,,,,,,
absolute,financepy.finutils.FinFrequency,,,,,,,,,,,,,,,,,,,,
mortality,financepy.finutils.FinFrequency,financepy.finutils.FinHelperFunctions.tableToString,,,,,,,,,,,,,,,,,,,
hft,financepy.finutils.FinFrequency,,,,,,,,,,,,,,,,,,,,
probabilistic,financepy.finutils.FinFrequency,,,,,,,,,,,,,,,,,,,,
helper,financepy.finutils.FinHelperFunctions,,,,,,,,,,,,,,,,,,,,
th,financepy.finutils.FinHelperFunctions,,,,,,,,,,,,,,,,,,,,
believe,financepy.finutils.FinHelperFunctions,,,,,,,,,,,,,,,,,,,,
aia,financepy.finutils.FinHelperFunctions,,,,,,,,,,,,,,,,,,,,
argument,financepy.finutils.FinHelperFunctions,financepy.finutils.FinHelperFunctions.checkArgumentTypes,,,,,,,,,,,,,,,,,,,
fpos,financepy.finutils.FinHelperFunctions,,,,,,,,,,,,,,,,,,,,
function,financepy.finutils.FinHelperFunctions,financepy.market.volatility.FinFXVolSurface.volFunction,,,,,,,,,,,,,,,,,,,
task,financepy.finutils.FinHelperFunctions,financepy.market.volatility.FinFXVolSurface.volFunction,,,,,,,,,,,,,,,,,,,
key,financepy.finutils.FinHelperFunctions,financepy.market.volatility.FinFXVolSurface.volFunction,,,,,,,,,,,,,,,,,,,
relationship,financepy.finutils.FinHelperFunctions,financepy.finutils.FinStatistics.correlation,financepy.market.volatility.FinFXVolSurface.volFunction,,,,,,,,,,,,,,,,,,
use,financepy.finutils.FinHelperFunctions,financepy.market.volatility.FinFXVolSurface.volFunction,,,,,,,,,,,,,,,,,,,
vector,financepy.finutils.FinHelperFunctions.betaVectorToCorrMatrix,financepy.finutils.FinHelperFunctions.checkVectorDifferences,,,,,,,,,,,,,,,,,,,
vaneck,financepy.finutils.FinHelperFunctions.betaVectorToCorrMatrix,financepy.finutils.FinHelperFunctions.checkVectorDifferences,,,,,,,,,,,,,,,,,,,
solidx,financepy.finutils.FinHelperFunctions.betaVectorToCorrMatrix,financepy.finutils.FinHelperFunctions.checkVectorDifferences,,,,,,,,,,,,,,,,,,,
rth,financepy.finutils.FinHelperFunctions.betaVectorToCorrMatrix,financepy.finutils.FinHelperFunctions.checkVectorDifferences,,,,,,,,,,,,,,,,,,,
powershares,financepy.finutils.FinHelperFunctions.betaVectorToCorrMatrix,financepy.finutils.FinHelperFunctions.checkVectorDifferences,,,,,,,,,,,,,,,,,,,
gdx,financepy.finutils.FinHelperFunctions.betaVectorToCorrMatrix,financepy.finutils.FinHelperFunctions.checkVectorDifferences,,,,,,,,,,,,,,,,,,,
to,financepy.finutils.FinHelperFunctions.betaVectorToCorrMatrix,financepy.finutils.FinHelperFunctions.labelToString,financepy.finutils.FinHelperFunctions.tableToString,financepy.finutils.FinHelperFunctions.toUsableType,financepy.finutils.FinHelperFunctions.uniformToDefaultType,,,,,,,,,,,,,,,,
corr,financepy.finutils.FinHelperFunctions.betaVectorToCorrMatrix,financepy.finutils.FinMath.corrMatrixGenerator,,,,,,,,,,,,,,,,,,,
matrix,financepy.finutils.FinHelperFunctions.betaVectorToCorrMatrix,financepy.finutils.FinMath.corrMatrixGenerator,,,,,,,,,,,,,,,,,,,
bcg,financepy.finutils.FinHelperFunctions.betaVectorToCorrMatrix,financepy.finutils.FinMath.corrMatrixGenerator,,,,,,,,,,,,,,,,,,,
unity,financepy.finutils.FinHelperFunctions.betaVectorToCorrMatrix,financepy.finutils.FinMath.corrMatrixGenerator,,,,,,,,,,,,,,,,,,,
binomial,financepy.finutils.FinHelperFunctions.betaVectorToCorrMatrix,financepy.finutils.FinHelperFunctions.printTree,financepy.finutils.FinHelperFunctions.accruedTree,financepy.finutils.FinMath.corrMatrixGenerator,,,,,,,,,,,,,,,,,
presentation,financepy.finutils.FinHelperFunctions.betaVectorToCorrMatrix,financepy.finutils.FinMath.corrMatrixGenerator,,,,,,,,,,,,,,,,,,,
myron,financepy.finutils.FinHelperFunctions.betaVectorToCorrMatrix,financepy.finutils.FinMath.corrMatrixGenerator,,,,,,,,,,,,,,,,,,,
beta,financepy.finutils.FinHelperFunctions.betaVectorToCorrMatrix,,,,,,,,,,,,,,,,,,,,
alpha,financepy.finutils.FinHelperFunctions.betaVectorToCorrMatrix,,,,,,,,,,,,,,,,,,,,
covariance,financepy.finutils.FinHelperFunctions.betaVectorToCorrMatrix,financepy.finutils.FinStatistics.correlation,,,,,,,,,,,,,,,,,,,
capm,financepy.finutils.FinHelperFunctions.betaVectorToCorrMatrix,,,,,,,,,,,,,,,,,,,,
coefficient,financepy.finutils.FinHelperFunctions.betaVectorToCorrMatrix,financepy.finutils.FinStatistics.correlation,,,,,,,,,,,,,,,,,,,
smart,financepy.finutils.FinHelperFunctions.betaVectorToCorrMatrix,,,,,,,,,,,,,,,,,,,,
give,financepy.finutils.FinHelperFunctions.pv01Times,financepy.finutils.FinHelperFunctions.timesFromDates,financepy.finutils.FinHelperFunctions.inputTime,,,,,,,,,,,,,,,,,,
end,financepy.finutils.FinHelperFunctions.pv01Times,financepy.finutils.FinHelperFunctions.timesFromDates,financepy.finutils.FinHelperFunctions.inputTime,,,,,,,,,,,,,,,,,,
pv01,financepy.finutils.FinHelperFunctions.pv01Times,,,,,,,,,,,,,,,,,,,,
difference,financepy.finutils.FinHelperFunctions.checkVectorDifferences,,,,,,,,,,,,,,,,,,,,
minus,financepy.finutils.FinHelperFunctions.checkVectorDifferences,,,,,,,,,,,,,,,,,,,,
represent,financepy.finutils.FinHelperFunctions.checkVectorDifferences,,,,,,,,,,,,,,,,,,,,
actual,financepy.finutils.FinHelperFunctions.checkVectorDifferences,,,,,,,,,,,,,,,,,,,,
check,financepy.finutils.FinHelperFunctions.checkVectorDifferences,financepy.finutils.FinHelperFunctions.checkDate,financepy.finutils.FinHelperFunctions.checkArgumentTypes,financepy.market.volatility.FinFXVolSurface.checkCalibration,,,,,,,,,,,,,,,,,
account,financepy.finutils.FinHelperFunctions.checkVectorDifferences,financepy.finutils.FinHelperFunctions.checkDate,financepy.finutils.FinHelperFunctions.checkArgumentTypes,financepy.market.volatility.FinFXVolSurface.checkCalibration,,,,,,,,,,,,,,,,,
debit,financepy.finutils.FinHelperFunctions.checkVectorDifferences,financepy.finutils.FinHelperFunctions.checkDate,financepy.finutils.FinHelperFunctions.checkArgumentTypes,financepy.market.volatility.FinFXVolSurface.checkCalibration,,,,,,,,,,,,,,,,,
send,financepy.finutils.FinHelperFunctions.checkVectorDifferences,financepy.finutils.FinHelperFunctions.checkDate,financepy.finutils.FinHelperFunctions.checkArgumentTypes,financepy.market.volatility.FinFXVolSurface.checkCalibration,,,,,,,,,,,,,,,,,
bank,financepy.finutils.FinHelperFunctions.checkVectorDifferences,financepy.finutils.FinHelperFunctions.checkDate,financepy.finutils.FinHelperFunctions.checkArgumentTypes,financepy.market.volatility.FinFXVolSurface.checkCalibration,,,,,,,,,,,,,,,,,
dump,financepy.finutils.FinHelperFunctions.dump,,,,,,,,,,,,,,,,,,,,
pump,financepy.finutils.FinHelperFunctions.dump,,,,,,,,,,,,,,,,,,,,
frivolous,financepy.finutils.FinHelperFunctions.dump,,,,,,,,,,,,,,,,,,,,
anti,financepy.finutils.FinHelperFunctions.dump,,,,,,,,,,,,,,,,,,,,
prohibits,financepy.finutils.FinHelperFunctions.dump,,,,,,,,,,,,,,,,,,,,
alcohol,financepy.finutils.FinHelperFunctions.dump,,,,,,,,,,,,,,,,,,,,
tree,financepy.finutils.FinHelperFunctions.printTree,financepy.finutils.FinHelperFunctions.accruedTree,,,,,,,,,,,,,,,,,,,
merkle,financepy.finutils.FinHelperFunctions.printTree,financepy.finutils.FinHelperFunctions.accruedTree,,,,,,,,,,,,,,,,,,,
gamification,financepy.finutils.FinHelperFunctions.printTree,financepy.finutils.FinHelperFunctions.accruedTree,,,,,,,,,,,,,,,,,,,
carnegie,financepy.finutils.FinHelperFunctions.printTree,financepy.finutils.FinHelperFunctions.accruedTree,,,,,,,,,,,,,,,,,,,
induction,financepy.finutils.FinHelperFunctions.printTree,financepy.finutils.FinHelperFunctions.accruedTree,,,,,,,,,,,,,,,,,,,
print,financepy.finutils.FinHelperFunctions.printTree,,,,,,,,,,,,,,,,,,,,
paper,financepy.finutils.FinHelperFunctions.printTree,,,,,,,,,,,,,,,,,,,,
fine,financepy.finutils.FinHelperFunctions.printTree,,,,,,,,,,,,,,,,,,,,
banknote,financepy.finutils.FinHelperFunctions.printTree,,,,,,,,,,,,,,,,,,,,
read,financepy.finutils.FinHelperFunctions.printTree,,,,,,,,,,,,,,,,,,,,
mail,financepy.finutils.FinHelperFunctions.printTree,,,,,,,,,,,,,,,,,,,,
input,financepy.finutils.FinHelperFunctions.inputTime,,,,,,,,,,,,,,,,,,,,
output,financepy.finutils.FinHelperFunctions.inputTime,financepy.finutils.FinMath.scale,,,,,,,,,,,,,,,,,,,
production,financepy.finutils.FinHelperFunctions.inputTime,,,,,,,,,,,,,,,,,,,,
variable,financepy.finutils.FinHelperFunctions.inputTime,,,,,,,,,,,,,,,,,,,,
factor,financepy.finutils.FinHelperFunctions.inputTime,,,,,,,,,,,,,,,,,,,,
listdiff,financepy.finutils.FinHelperFunctions.listdiff,,,,,,,,,,,,,,,,,,,,
dotproduct,financepy.finutils.FinHelperFunctions.dotproduct,,,,,,,,,,,,,,,,,,,,
frange,financepy.finutils.FinHelperFunctions.frange,financepy.finutils.FinMath.frange,,,,,,,,,,,,,,,,,,,
weight,financepy.finutils.FinHelperFunctions.normaliseWeights,,,,,,,,,,,,,,,,,,,,
capitalization,financepy.finutils.FinHelperFunctions.normaliseWeights,financepy.market.volatility.FinlborCapVolCurve,financepy.market.volatility.FinlborCapVolCurve.capVol,financepy.market.volatility.FinlborCapVolCurveFn,financepy.market.volatility.FinlborCapVolCurveFn.capFloorletVol,,,,,,,,,,,,,,,,
normalise,financepy.finutils.FinHelperFunctions.normaliseWeights,,,,,,,,,,,,,,,,,,,,
string,financepy.finutils.FinHelperFunctions.labelToString,financepy.finutils.FinHelperFunctions.tableToString,,,,,,,,,,,,,,,,,,,
nonce,financepy.finutils.FinHelperFunctions.labelToString,financepy.finutils.FinHelperFunctions.tableToString,,,,,,,,,,,,,,,,,,,
setsn,financepy.finutils.FinHelperFunctions.labelToString,financepy.finutils.FinHelperFunctions.tableToString,,,,,,,,,,,,,,,,,,,
hash,financepy.finutils.FinHelperFunctions.labelToString,financepy.finutils.FinHelperFunctions.tableToString,financepy.market.volatility.FinFXVolSurface.solveForSmileStrike,,,,,,,,,,,,,,,,,,
sequence,financepy.finutils.FinHelperFunctions.labelToString,financepy.finutils.FinHelperFunctions.tableToString,,,,,,,,,,,,,,,,,,,
logically,financepy.finutils.FinHelperFunctions.labelToString,financepy.finutils.FinHelperFunctions.tableToString,,,,,,,,,,,,,,,,,,,
label,financepy.finutils.FinHelperFunctions.labelToString,,,,,,,,,,,,,,,,,,,,
secret,financepy.finutils.FinHelperFunctions.labelToString,,,,,,,,,,,,,,,,,,,,
victoria,financepy.finutils.FinHelperFunctions.labelToString,,,,,,,,,,,,,,,,,,,,
white,financepy.finutils.FinHelperFunctions.labelToString,,,,,,,,,,,,,,,,,,,,
color,financepy.finutils.FinHelperFunctions.labelToString,,,,,,,,,,,,,,,,,,,,
lipstick,financepy.finutils.FinHelperFunctions.labelToString,,,,,,,,,,,,,,,,,,,,
table,financepy.finutils.FinHelperFunctions.tableToString,,,,,,,,,,,,,,,,,,,,
column,financepy.finutils.FinHelperFunctions.tableToString,,,,,,,,,,,,,,,,,,,,
depletion,financepy.finutils.FinHelperFunctions.tableToString,,,,,,,,,,,,,,,,,,,,
calculator,financepy.finutils.FinHelperFunctions.tableToString,financepy.finutils.FinMath.corrMatrixGenerator,,,,,,,,,,,,,,,,,,,
multiply,financepy.finutils.FinHelperFunctions.tableToString,,,,,,,,,,,,,,,,,,,,
usable,financepy.finutils.FinHelperFunctions.toUsableType,,,,,,,,,,,,,,,,,,,,
freely,financepy.finutils.FinHelperFunctions.toUsableType,,,,,,,,,,,,,,,,,,,,
tweak,financepy.finutils.FinHelperFunctions.toUsableType,,,,,,,,,,,,,,,,,,,,
bacon,financepy.finutils.FinHelperFunctions.toUsableType,,,,,,,,,,,,,,,,,,,,
bulb,financepy.finutils.FinHelperFunctions.toUsableType,,,,,,,,,,,,,,,,,,,,
slab,financepy.finutils.FinHelperFunctions.toUsableType,,,,,,,,,,,,,,,,,,,,
default,financepy.finutils.FinHelperFunctions.uniformToDefaultType,,,,,,,,,,,,,,,,,,,,
borrower,financepy.finutils.FinHelperFunctions.uniformToDefaultType,,,,,,,,,,,,,,,,,,,,
debt,financepy.finutils.FinHelperFunctions.uniformToDefaultType,,,,,,,,,,,,,,,,,,,,
repay,financepy.finutils.FinHelperFunctions.uniformToDefaultType,,,,,,,,,,,,,,,,,,,,
lender,financepy.finutils.FinHelperFunctions.uniformToDefaultType,,,,,,,,,,,,,,,,,,,,
creditor,financepy.finutils.FinHelperFunctions.uniformToDefaultType,,,,,,,,,,,,,,,,,,,,
uniform,financepy.finutils.FinHelperFunctions.uniformToDefaultType,,,,,,,,,,,,,,,,,,,,
premarital,financepy.finutils.FinHelperFunctions.uniformToDefaultType,,,,,,,,,,,,,,,,,,,,
govern,financepy.finutils.FinHelperFunctions.uniformToDefaultType,,,,,,,,,,,,,,,,,,,,
utma,financepy.finutils.FinHelperFunctions.uniformToDefaultType,,,,,,,,,,,,,,,,,,,,
supersede,financepy.finutils.FinHelperFunctions.uniformToDefaultType,,,,,,,,,,,,,,,,,,,,
ucc,financepy.finutils.FinHelperFunctions.uniformToDefaultType,,,,,,,,,,,,,,,,,,,,
accrue,financepy.finutils.FinHelperFunctions.accruedTree,financepy.finutils.FinMath.accruedInterpolator,,,,,,,,,,,,,,,,,,,
accrues,financepy.finutils.FinHelperFunctions.accruedTree,financepy.finutils.FinMath.accruedInterpolator,,,,,,,,,,,,,,,,,,,
grace,financepy.finutils.FinHelperFunctions.accruedTree,financepy.finutils.FinMath.accruedInterpolator,,,,,,,,,,,,,,,,,,,
defer,financepy.finutils.FinHelperFunctions.accruedTree,financepy.finutils.FinMath.accruedInterpolator,,,,,,,,,,,,,,,,,,,
proponent,financepy.finutils.FinHelperFunctions.checkArgumentTypes,,,,,,,,,,,,,,,,,,,,
notion,financepy.finutils.FinHelperFunctions.checkArgumentTypes,,,,,,,,,,,,,,,,,,,,
misconception,financepy.finutils.FinHelperFunctions.checkArgumentTypes,,,,,,,,,,,,,,,,,,,,
argue,financepy.finutils.FinHelperFunctions.checkArgumentTypes,,,,,,,,,,,,,,,,,,,,
theorist,financepy.finutils.FinHelperFunctions.checkArgumentTypes,,,,,,,,,,,,,,,,,,,,
would,financepy.finutils.FinStatistics.mean,,,,,,,,,,,,,,,,,,,,
therefore,financepy.finutils.FinStatistics.mean,financepy.market.curves.FinDiscountCurve.zeroRate,financepy.market.curves.FinDiscountCurveNS.zeroRate,financepy.market.curves.FinDiscountCurveNSS.zeroRate,financepy.market.curves.FinDiscountCurvePoly.zeroRate,,,,,,,,,,,,,,,,
actually,financepy.finutils.FinStatistics.mean,,,,,,,,,,,,,,,,,,,,
however,financepy.finutils.FinStatistics.mean,,,,,,,,,,,,,,,,,,,,
simply,financepy.finutils.FinStatistics.mean,,,,,,,,,,,,,,,,,,,,
stdev,financepy.finutils.FinStatistics.stdev,,,,,,,,,,,,,,,,,,,,
stderr,financepy.finutils.FinStatistics.stderr,,,,,,,,,,,,,,,,,,,,
var,financepy.finutils.FinStatistics.var,,,,,,,,,,,,,,,,,,,,
setsvar,financepy.finutils.FinStatistics.var,,,,,,,,,,,,,,,,,,,,
cvar,financepy.finutils.FinStatistics.var,,,,,,,,,,,,,,,,,,,,
oems,financepy.finutils.FinStatistics.var,,,,,,,,,,,,,,,,,,,,
parameter,financepy.finutils.FinStatistics.var,,,,,,,,,,,,,,,,,,,,
moment,financepy.finutils.FinStatistics.moment,,,,,,,,,,,,,,,,,,,,
minsky,financepy.finutils.FinStatistics.moment,,,,,,,,,,,,,,,,,,,,
watershed,financepy.finutils.FinStatistics.moment,,,,,,,,,,,,,,,,,,,,
touch,financepy.finutils.FinStatistics.moment,,,,,,,,,,,,,,,,,,,,
grab,financepy.finutils.FinStatistics.moment,,,,,,,,,,,,,,,,,,,,
textit,financepy.finutils.FinStatistics.moment,,,,,,,,,,,,,,,,,,,,
correlation,financepy.finutils.FinStatistics.correlation,,,,,,,,,,,,,,,,,,,,
deviation,financepy.finutils.FinStatistics.correlation,,,,,,,,,,,,,,,,,,,,
correlate,financepy.finutils.FinStatistics.correlation,,,,,,,,,,,,,,,,,,,,
interpolator,financepy.finutils.FinMath.accruedInterpolator,financepy.market.curves.FinInterpolator,,,,,,,,,,,,,,,,,,,
scale,financepy.finutils.FinMath.scale,,,,,,,,,,,,,,,,,,,,
diseconomies,financepy.finutils.FinMath.scale,,,,,,,,,,,,,,,,,,,,
efficiency,financepy.finutils.FinMath.scale,,,,,,,,,,,,,,,,,,,,
productivity,financepy.finutils.FinMath.scale,,,,,,,,,,,,,,,,,,,,
improve,financepy.finutils.FinMath.scale,,,,,,,,,,,,,,,,,,,,
monocity,financepy.finutils.FinMath.testMonocity,,,,,,,,,,,,,,,,,,,,
limit,financepy.finutils.FinMath.maximum,,,,,,,,,,,,,,,,,,,,
threshold,financepy.finutils.FinMath.maximum,,,,,,,,,,,,,,,,,,,,
maxaxis,financepy.finutils.FinMath.maxaxis,,,,,,,,,,,,,,,,,,,,
minaxis,financepy.finutils.FinMath.minaxis,,,,,,,,,,,,,,,,,,,,
covar,financepy.finutils.FinMath.covar,,,,,,,,,,,,,,,,,,,,
pair,financepy.finutils.FinMath.pairGCD,,,,,,,,,,,,,,,,,,,,
usd,financepy.finutils.FinMath.pairGCD,,,,,,,,,,,,,,,,,,,,
eur,financepy.finutils.FinMath.pairGCD,,,,,,,,,,,,,,,,,,,,
jpy,financepy.finutils.FinMath.pairGCD,,,,,,,,,,,,,,,,,,,,
spot,financepy.finutils.FinMath.pairGCD,,,,,,,,,,,,,,,,,,,,
cfd,financepy.finutils.FinMath.pairGCD,,,,,,,,,,,,,,,,,,,,
gcd,financepy.finutils.FinMath.pairGCD,,,,,,,,,,,,,,,,,,,,
nprime,financepy.finutils.FinMath.nprime,,,,,,,,,,,,,,,,,,,,
heaviside,financepy.finutils.FinMath.heaviside,,,,,,,,,,,,,,,,,,,,
normpdf,financepy.finutils.FinMath.normpdf,,,,,,,,,,,,,,,,,,,,
normcdf,financepy.finutils.FinMath.normcdf_fast,financepy.finutils.FinMath.normcdf_integrate,financepy.finutils.FinMath.normcdf_slow,financepy.finutils.FinMath.normcdf,,,,,,,,,,,,,,,,,
fast,financepy.finutils.FinMath.normcdf_fast,,,,,,,,,,,,,,,,,,,,
fashion,financepy.finutils.FinMath.normcdf_fast,,,,,,,,,,,,,,,,,,,,
cheap,financepy.finutils.FinMath.normcdf_fast,,,,,,,,,,,,,,,,,,,,
competitor,financepy.finutils.FinMath.normcdf_fast,,,,,,,,,,,,,,,,,,,,
slow,financepy.finutils.FinMath.normcdf_fast,financepy.finutils.FinMath.normcdf_slow,,,,,,,,,,,,,,,,,,,
integrate,financepy.finutils.FinMath.normcdf_integrate,,,,,,,,,,,,,,,,,,,,
enable,financepy.finutils.FinMath.normcdf_integrate,,,,,,,,,,,,,,,,,,,,
design,financepy.finutils.FinMath.normcdf_integrate,financepy.market.volatility.FinFXVolSurface.buildVolSurface,,,,,,,,,,,,,,,,,,,
technology,financepy.finutils.FinMath.normcdf_integrate,,,,,,,,,,,,,,,,,,,,
workflow,financepy.finutils.FinMath.normcdf_integrate,,,,,,,,,,,,,,,,,,,,
rapid,financepy.finutils.FinMath.normcdf_slow,,,,,,,,,,,,,,,,,,,,
pace,financepy.finutils.FinMath.normcdf_slow,,,,,,,,,,,,,,,,,,,,
faster,financepy.finutils.FinMath.normcdf_slow,,,,,,,,,,,,,,,,,,,,
sluggish,financepy.finutils.FinMath.normcdf_slow,,,,,,,,,,,,,,,,,,,,
steadily,financepy.finutils.FinMath.normcdf_slow,,,,,,,,,,,,,,,,,,,,
n,financepy.finutils.FinMath.N,financepy.market.curves.FinDiscountCurveNS,financepy.market.curves.FinDiscountCurveNSS,,,,,,,,,,,,,,,,,,
phi3,financepy.finutils.FinMath.phi3,,,,,,,,,,,,,,,,,,,,
norminvcdf,financepy.finutils.FinMath.norminvcdf,,,,,,,,,,,,,,,,,,,,
m,financepy.finutils.FinMath.M,,,,,,,,,,,,,,,,,,,,
learnvest,financepy.finutils.FinMath.M,,,,,,,,,,,,,,,,,,,,
refocus,financepy.finutils.FinMath.M,,,,,,,,,,,,,,,,,,,,
lagarde,financepy.finutils.FinMath.M,,,,,,,,,,,,,,,,,,,,
petfirst,financepy.finutils.FinMath.M,,,,,,,,,,,,,,,,,,,,
retrocession,financepy.finutils.FinMath.M,,,,,,,,,,,,,,,,,,,,
phi2,financepy.finutils.FinMath.phi2,,,,,,,,,,,,,,,,,,,,
cholesky,financepy.finutils.FinMath.cholesky,,,,,,,,,,,,,,,,,,,,
generator,financepy.finutils.FinMath.corrMatrixGenerator,,,,,,,,,,,,,,,,,,,,
ultimatum,financepy.finutils.FinMath.corrMatrixGenerator,,,,,,,,,,,,,,,,,,,,
novel,financepy.finutils.FinMath.corrMatrixGenerator,,,,,,,,,,,,,,,,,,,,
conferencing,financepy.finutils.FinMath.corrMatrixGenerator,,,,,,,,,,,,,,,,,,,,
reinforcement,financepy.finutils.FinMath.corrMatrixGenerator,,,,,,,,,,,,,,,,,,,,
discount,financepy.market.curves.FinDiscountCurve,financepy.market.curves.FinDiscountCurveFlat,financepy.market.curves.FinDiscountCurveNS,financepy.market.curves.FinDiscountCurveNSS,financepy.market.curves.FinDiscountCurvePoly,financepy.market.curves.FinDiscountCurvePWF,financepy.market.curves.FinDiscountCurvePWL,financepy.market.curves.FinDiscountCurveZeros,,,,,,,,,,,,,
par,financepy.market.curves.FinDiscountCurve,financepy.market.curves.FinDiscountCurveFlat,financepy.market.curves.FinDiscountCurveNS,financepy.market.curves.FinDiscountCurveNSS,financepy.market.curves.FinDiscountCurvePoly,financepy.market.curves.FinDiscountCurvePWF,financepy.market.curves.FinDiscountCurvePWL,financepy.market.curves.FinDiscountCurveZeros,,,,,,,,,,,,,
cash,financepy.market.curves.FinDiscountCurve,financepy.market.curves.FinDiscountCurveFlat,financepy.market.curves.FinDiscountCurveNS,financepy.market.curves.FinDiscountCurveNSS,financepy.market.curves.FinDiscountCurvePoly,financepy.market.curves.FinDiscountCurvePWF,financepy.market.curves.FinDiscountCurvePWL,financepy.market.curves.FinDiscountCurveZeros,,,,,,,,,,,,,
present,financepy.market.curves.FinDiscountCurve,financepy.market.curves.FinDiscountCurveFlat,financepy.market.curves.FinDiscountCurveNS,financepy.market.curves.FinDiscountCurveNSS,financepy.market.curves.FinDiscountCurvePoly,financepy.market.curves.FinDiscountCurvePWF,financepy.market.curves.FinDiscountCurvePWL,financepy.market.curves.FinDiscountCurveZeros,,,,,,,,,,,,,
purchase,financepy.market.curves.FinDiscountCurve,financepy.market.curves.FinDiscountCurveFlat,financepy.market.curves.FinDiscountCurveNS,financepy.market.curves.FinDiscountCurveNSS,financepy.market.curves.FinDiscountCurvePoly,financepy.market.curves.FinDiscountCurvePWF,financepy.market.curves.FinDiscountCurvePWL,financepy.market.curves.FinDiscountCurveZeros,,,,,,,,,,,,,
offer,financepy.market.curves.FinDiscountCurve,financepy.market.curves.FinDiscountCurveFlat,financepy.market.curves.FinDiscountCurveNS,financepy.market.curves.FinDiscountCurveNSS,financepy.market.curves.FinDiscountCurvePoly,financepy.market.curves.FinDiscountCurvePWF,financepy.market.curves.FinDiscountCurvePWL,financepy.market.curves.FinDiscountCurveZeros,,,,,,,,,,,,,
curve,financepy.market.curves.FinDiscountCurve,financepy.market.curves.FinDiscountCurveFlat,financepy.market.curves.FinDiscountCurveNS,financepy.market.curves.FinDiscountCurveNSS,financepy.market.curves.FinDiscountCurvePoly,financepy.market.curves.FinDiscountCurvePWF,financepy.market.curves.FinDiscountCurvePWL,financepy.market.curves.FinDiscountCurveZeros,financepy.market.volatility.FinEquityVolCurve,financepy.market.volatility.FinFXVolSurface.plotVolCurves,financepy.market.volatility.FinlborCapVolCurve,financepy.market.volatility.FinlborCapVolCurveFn,,,,,,,,,
slop,financepy.market.curves.FinDiscountCurve,financepy.market.curves.FinDiscountCurveFlat,financepy.market.curves.FinDiscountCurveNS,financepy.market.curves.FinDiscountCurveNSS,financepy.market.curves.FinDiscountCurvePoly,financepy.market.curves.FinDiscountCurvePWF,financepy.market.curves.FinDiscountCurvePWL,financepy.market.curves.FinDiscountCurveZeros,financepy.market.volatility.FinEquityVolCurve,financepy.market.volatility.FinFXVolSurface.plotVolCurves,financepy.market.volatility.FinlborCapVolCurve,financepy.market.volatility.FinlborCapVolCurveFn,,,,,,,,,
graph,financepy.market.curves.FinDiscountCurve,financepy.market.curves.FinDiscountCurveFlat,financepy.market.curves.FinDiscountCurveNS,financepy.market.curves.FinDiscountCurveNSS,financepy.market.curves.FinDiscountCurvePoly,financepy.market.curves.FinDiscountCurvePWF,financepy.market.curves.FinDiscountCurvePWL,financepy.market.curves.FinDiscountCurveZeros,financepy.market.volatility.FinEquityVolCurve,financepy.market.volatility.FinFXVolSurface.plotVolCurves,financepy.market.volatility.FinlborCapVolCurve,financepy.market.volatility.FinlborCapVolCurveFn,,,,,,,,,
slope,financepy.market.curves.FinDiscountCurve,financepy.market.curves.FinDiscountCurveFlat,financepy.market.curves.FinDiscountCurveNS,financepy.market.curves.FinDiscountCurveNSS,financepy.market.curves.FinDiscountCurvePoly,financepy.market.curves.FinDiscountCurvePWF,financepy.market.curves.FinDiscountCurvePWL,financepy.market.curves.FinDiscountCurveZeros,financepy.market.volatility.FinEquityVolCurve,financepy.market.volatility.FinFXVolSurface.plotVolCurves,financepy.market.volatility.FinlborCapVolCurve,financepy.market.volatility.FinlborCapVolCurveFn,,,,,,,,,
invert,financepy.market.curves.FinDiscountCurve,financepy.market.curves.FinDiscountCurveFlat,financepy.market.curves.FinDiscountCurveNS,financepy.market.curves.FinDiscountCurveNSS,financepy.market.curves.FinDiscountCurvePoly,financepy.market.curves.FinDiscountCurvePWF,financepy.market.curves.FinDiscountCurvePWL,financepy.market.curves.FinDiscountCurveZeros,financepy.market.volatility.FinEquityVolCurve,financepy.market.volatility.FinFXVolSurface.plotVolCurves,financepy.market.volatility.FinlborCapVolCurve,financepy.market.volatility.FinlborCapVolCurveFn,,,,,,,,,
shape,financepy.market.curves.FinDiscountCurve,financepy.market.curves.FinDiscountCurveFlat,financepy.market.curves.FinDiscountCurveNS,financepy.market.curves.FinDiscountCurveNSS,financepy.market.curves.FinDiscountCurvePoly,financepy.market.curves.FinDiscountCurvePWF,financepy.market.curves.FinDiscountCurvePWL,financepy.market.curves.FinDiscountCurveZeros,financepy.market.volatility.FinEquityVolCurve,financepy.market.volatility.FinFXVolSurface.plotVolCurves,financepy.market.volatility.FinlborCapVolCurve,financepy.market.volatility.FinlborCapVolCurveFn,,,,,,,,,
rate,financepy.market.curves.FinDiscountCurve.zeroRate,financepy.market.curves.FinDiscountCurve.swapRate,financepy.market.curves.FinDiscountCurve.fwdRate,financepy.market.curves.FinDiscountCurveNS.zeroRate,financepy.market.curves.FinDiscountCurveNSS.zeroRate,financepy.market.curves.FinDiscountCurvePoly.zeroRate,,,,,,,,,,,,,,,
interest,financepy.market.curves.FinDiscountCurve.zeroRate,financepy.market.curves.FinDiscountCurve.swapRate,financepy.market.curves.FinDiscountCurve.fwdRate,financepy.market.curves.FinDiscountCurveNS.zeroRate,financepy.market.curves.FinDiscountCurveNSS.zeroRate,financepy.market.curves.FinDiscountCurvePoly.zeroRate,,,,,,,,,,,,,,,
inflation,financepy.market.curves.FinDiscountCurve.zeroRate,financepy.market.curves.FinDiscountCurve.swapRate,financepy.market.curves.FinDiscountCurve.fwdRate,financepy.market.curves.FinDiscountCurveNS.zeroRate,financepy.market.curves.FinDiscountCurveNSS.zeroRate,financepy.market.curves.FinDiscountCurvePoly.zeroRate,,,,,,,,,,,,,,,
fix,financepy.market.curves.FinDiscountCurve.zeroRate,financepy.market.curves.FinDiscountCurve.swapRate,financepy.market.curves.FinDiscountCurve.fwdRate,financepy.market.curves.FinDiscountCurveNS.zeroRate,financepy.market.curves.FinDiscountCurveNSS.zeroRate,financepy.market.curves.FinDiscountCurvePoly.zeroRate,,,,,,,,,,,,,,,
yield,financepy.market.curves.FinDiscountCurve.zeroRate,financepy.market.curves.FinDiscountCurve.swapRate,financepy.market.curves.FinDiscountCurve.fwdRate,financepy.market.curves.FinDiscountCurveNS.zeroRate,financepy.market.curves.FinDiscountCurveNSS.zeroRate,financepy.market.curves.FinDiscountCurvePoly.zeroRate,,,,,,,,,,,,,,,
low,financepy.market.curves.FinDiscountCurve.zeroRate,financepy.market.curves.FinDiscountCurve.swapRate,financepy.market.curves.FinDiscountCurve.fwdRate,financepy.market.curves.FinDiscountCurveNS.zeroRate,financepy.market.curves.FinDiscountCurveNSS.zeroRate,financepy.market.curves.FinDiscountCurvePoly.zeroRate,,,,,,,,,,,,,,,
zero,financepy.market.curves.FinDiscountCurve.zeroRate,financepy.market.curves.FinDiscountCurveNS.zeroRate,financepy.market.curves.FinDiscountCurveNSS.zeroRate,financepy.market.curves.FinDiscountCurvePoly.zeroRate,financepy.market.curves.FinDiscountCurveZeros,,,,,,,,,,,,,,,,
coupon,financepy.market.curves.FinDiscountCurve.zeroRate,financepy.market.curves.FinDiscountCurveNS.zeroRate,financepy.market.curves.FinDiscountCurveNSS.zeroRate,financepy.market.curves.FinDiscountCurvePoly.zeroRate,,,,,,,,,,,,,,,,,
equal,financepy.market.curves.FinDiscountCurve.zeroRate,financepy.market.curves.FinDiscountCurveNS.zeroRate,financepy.market.curves.FinDiscountCurveNSS.zeroRate,financepy.market.curves.FinDiscountCurvePoly.zeroRate,,,,,,,,,,,,,,,,,
swap,financepy.market.curves.FinDiscountCurve.swapRate,,,,,,,,,,,,,,,,,,,,
derivative,financepy.market.curves.FinDiscountCurve.swapRate,,,,,,,,,,,,,,,,,,,,
float,financepy.market.curves.FinDiscountCurve.swapRate,,,,,,,,,,,,,,,,,,,,
quanto,financepy.market.curves.FinDiscountCurve.swapRate,,,,,,,,,,,,,,,,,,,,
notional,financepy.market.curves.FinDiscountCurve.swapRate,,,,,,,,,,,,,,,,,,,,
zebra,financepy.market.curves.FinDiscountCurve.swapRate,,,,,,,,,,,,,,,,,,,,
df,financepy.market.curves.FinDiscountCurve.df,financepy.market.curves.FinDiscountCurveFlat.df,financepy.market.curves.FinDiscountCurveNS.df,financepy.market.curves.FinDiscountCurveRate.df,financepy.market.curves.FinDiscountCurvePoly.df,financepy.market.curves.FinDiscountCurvePWF.df,financepy.market.curves.FinDiscountCurvePWL.df,,,,,,,,,,,,,,
prob,financepy.market.curves.FinDiscountCurve.survProb,,,,,,,,,,,,,,,,,,,,
surv,financepy.market.curves.FinDiscountCurve.survProb,,,,,,,,,,,,,,,,,,,,
fwd,financepy.market.curves.FinDiscountCurve.fwd,financepy.market.curves.FinDiscountCurve.fwdRate,,,,,,,,,,,,,,,,,,,
bump,financepy.market.curves.FinDiscountCurve.bump,financepy.market.curves.FinDiscountCurveFlat.bump,,,,,,,,,,,,,,,,,,,
usual,financepy.market.curves.FinDiscountCurve.bump,financepy.market.curves.FinDiscountCurveFlat.bump,,,,,,,,,,,,,,,,,,,
devastate,financepy.market.curves.FinDiscountCurve.bump,financepy.market.curves.FinDiscountCurveFlat.bump,,,,,,,,,,,,,,,,,,,
snag,financepy.market.curves.FinDiscountCurve.bump,financepy.market.curves.FinDiscountCurveFlat.bump,,,,,,,,,,,,,,,,,,,
attrition,financepy.market.curves.FinDiscountCurve.bump,financepy.market.curves.FinDiscountCurveFlat.bump,,,,,,,,,,,,,,,,,,,
unfold,financepy.market.curves.FinDiscountCurve.bump,financepy.market.curves.FinDiscountCurveFlat.bump,,,,,,,,,,,,,,,,,,,
flat,financepy.market.curves.FinDiscountCurveFlat,,,,,,,,,,,,,,,,,,,,
hourly,financepy.market.curves.FinDiscountCurveFlat,,,,,,,,,,,,,,,,,,,,
charge,financepy.market.curves.FinDiscountCurveFlat,,,,,,,,,,,,,,,,,,,,
fee,financepy.market.curves.FinDiscountCurveFlat,,,,,,,,,,,,,,,,,,,,
progressive,financepy.market.curves.FinDiscountCurveFlat,,,,,,,,,,,,,,,,,,,,
poly,financepy.market.curves.FinDiscountCurvePoly,,,,,,,,,,,,,,,,,,,,
pwf,financepy.market.curves.FinDiscountCurvePWF,,,,,,,,,,,,,,,,,,,,
pwl,financepy.market.curves.FinDiscountCurvePWL,,,,,,,,,,,,,,,,,,,,
stroll,financepy.market.curves.FinDiscountCurveZeros,,,,,,,,,,,,,,,,,,,,
corrosion,financepy.market.curves.FinDiscountCurveZeros,,,,,,,,,,,,,,,,,,,,
taxman,financepy.market.curves.FinDiscountCurveZeros,,,,,,,,,,,,,,,,,,,,
laugh,financepy.market.curves.FinDiscountCurveZeros,,,,,,,,,,,,,,,,,,,,
fizzle,financepy.market.curves.FinDiscountCurveZeros,,,,,,,,,,,,,,,,,,,,
fit,financepy.market.curves.FinInterpolator.fit,financepy.market.volatility.FinFXVolSurface.deltaFit,,,,,,,,,,,,,,,,,,,
goodness,financepy.market.curves.FinInterpolator.fit,financepy.market.volatility.FinFXVolSurface.deltaFit,,,,,,,,,,,,,,,,,,,
best,financepy.market.curves.FinInterpolator.fit,financepy.market.volatility.FinFXVolSurface.deltaFit,,,,,,,,,,,,,,,,,,,
goal,financepy.market.curves.FinInterpolator.fit,financepy.market.volatility.FinFXVolSurface.deltaFit,,,,,,,,,,,,,,,,,,,
choose,financepy.market.curves.FinInterpolator.fit,financepy.market.volatility.FinFXVolSurface.deltaFit,,,,,,,,,,,,,,,,,,,
interpolate,financepy.market.curves.FinInterpolator.interpolate,,,,,,,,,,,,,,,,,,,,
hump,financepy.market.curves.FinInterpolator.interpolate,,,,,,,,,,,,,,,,,,,,
steepen,financepy.market.curves.FinInterpolator.interpolate,,,,,,,,,,,,,,,,,,,,
freshman,financepy.market.curves.FinInterpolator.interpolate,,,,,,,,,,,,,,,,,,,,
siegel,financepy.market.curves.FinInterpolator.interpolate,,,,,,,,,,,,,,,,,,,,
equity,financepy.market.volatility.FinEquityVolCurve,,,,,,,,,,,,,,,,,,,,
capital,financepy.market.volatility.FinEquityVolCurve,,,,,,,,,,,,,,,,,,,,
private,financepy.market.volatility.FinEquityVolCurve,,,,,,,,,,,,,,,,,,,,
investment,financepy.market.volatility.FinEquityVolCurve,,,,,,,,,,,,,,,,,,,,
structure,financepy.market.volatility.FinEquityVolCurve,,,,,,,,,,,,,,,,,,,,
investor,financepy.market.volatility.FinEquityVolCurve,,,,,,,,,,,,,,,,,,,,
vol,financepy.market.volatility.FinEquityVolCurve,financepy.market.volatility.FinFXVolSurface,financepy.market.volatility.FinFXVolSurface.volFunction,financepy.market.volatility.FinFXVolSurface.buildVolSurface,financepy.market.volatility.FinFXVolSurface.plotVolCurves,financepy.market.volatility.FinlborCapVolCurve,financepy.market.volatility.FinlborCapVolCurve.capletVol,financepy.market.volatility.FinlborCapVolCurve.capVol,financepy.market.volatility.FinlborCapVolCurveFn,financepy.market.volatility.FinlborCapVolCurveFn.capFloorletVol,,,,,,,,,,,
tragic,financepy.market.volatility.FinEquityVolCurve,financepy.market.volatility.FinFXVolSurface,financepy.market.volatility.FinFXVolSurface.volFunction,financepy.market.volatility.FinFXVolSurface.buildVolSurface,financepy.market.volatility.FinFXVolSurface.plotVolCurves,financepy.market.volatility.FinlborCapVolCurve,financepy.market.volatility.FinlborCapVolCurve.capletVol,financepy.market.volatility.FinlborCapVolCurve.capVol,financepy.market.volatility.FinlborCapVolCurveFn,financepy.market.volatility.FinlborCapVolCurveFn.capFloorletVol,,,,,,,,,,,
jacob,financepy.market.volatility.FinEquityVolCurve,financepy.market.volatility.FinFXVolSurface,financepy.market.volatility.FinFXVolSurface.volFunction,financepy.market.volatility.FinFXVolSurface.buildVolSurface,financepy.market.volatility.FinFXVolSurface.plotVolCurves,financepy.market.volatility.FinlborCapVolCurve,financepy.market.volatility.FinlborCapVolCurve.capletVol,financepy.market.volatility.FinlborCapVolCurve.capVol,financepy.market.volatility.FinlborCapVolCurveFn,financepy.market.volatility.FinlborCapVolCurveFn.capFloorletVol,,,,,,,,,,,
sql,financepy.market.volatility.FinEquityVolCurve,financepy.market.volatility.FinFXVolSurface,financepy.market.volatility.FinFXVolSurface.volFunction,financepy.market.volatility.FinFXVolSurface.buildVolSurface,financepy.market.volatility.FinFXVolSurface.plotVolCurves,financepy.market.volatility.FinlborCapVolCurve,financepy.market.volatility.FinlborCapVolCurve.capletVol,financepy.market.volatility.FinlborCapVolCurve.capVol,financepy.market.volatility.FinlborCapVolCurveFn,financepy.market.volatility.FinlborCapVolCurveFn.capFloorletVol,,,,,,,,,,,
massmutual,financepy.market.volatility.FinEquityVolCurve,financepy.market.volatility.FinFXVolSurface,financepy.market.volatility.FinFXVolSurface.volFunction,financepy.market.volatility.FinFXVolSurface.buildVolSurface,financepy.market.volatility.FinFXVolSurface.plotVolCurves,financepy.market.volatility.FinlborCapVolCurve,financepy.market.volatility.FinlborCapVolCurve.capletVol,financepy.market.volatility.FinlborCapVolCurve.capVol,financepy.market.volatility.FinlborCapVolCurveFn,financepy.market.volatility.FinlborCapVolCurveFn.capFloorletVol,,,,,,,,,,,
far,financepy.market.volatility.FinEquityVolCurve,financepy.market.volatility.FinFXVolSurface,financepy.market.volatility.FinFXVolSurface.buildVolSurface,financepy.market.volatility.FinFXVolSurface.plotVolCurves,financepy.market.volatility.FinlborCapVolCurve,financepy.market.volatility.FinlborCapVolCurveFn,,,,,,,,,,,,,,,
volatility,financepy.market.volatility.FinEquityVolCurve.volatility,,,,,,,,,,,,,,,,,,,,
underlie,financepy.market.volatility.FinEquityVolCurve.volatility,financepy.market.volatility.FinFXVolSurface.solveForSmileStrike,,,,,,,,,,,,,,,,,,,
movement,financepy.market.volatility.FinEquityVolCurve.volatility,,,,,,,,,,,,,,,,,,,,
volatile,financepy.market.volatility.FinEquityVolCurve.volatility,,,,,,,,,,,,,,,,,,,,
imply,financepy.market.volatility.FinEquityVolCurve.volatility,financepy.market.volatility.FinFXVolSurface.solveForSmileStrike,,,,,,,,,,,,,,,,,,,
pdf,financepy.market.volatility.FinEquityVolCurve.calculatePDF,,,,,,,,,,,,,,,,,,,,
imy,financepy.market.volatility.FinEquityVolCurve.calculatePDF,,,,,,,,,,,,,,,,,,,,
abridge,financepy.market.volatility.FinEquityVolCurve.calculatePDF,,,,,,,,,,,,,,,,,,,,
factsheet,financepy.market.volatility.FinEquityVolCurve.calculatePDF,,,,,,,,,,,,,,,,,,,,
d,financepy.market.volatility.FinEquityVolCurve.calculatePDF,,,,,,,,,,,,,,,,,,,,
requester,financepy.market.volatility.FinEquityVolCurve.calculatePDF,,,,,,,,,,,,,,,,,,,,
surface,financepy.market.volatility.FinFXVolSurface,financepy.market.volatility.FinFXVolSurface.buildVolSurface,,,,,,,,,,,,,,,,,,,
bit,financepy.market.volatility.FinFXVolSurface,financepy.market.volatility.FinFXVolSurface.buildVolSurface,,,,,,,,,,,,,,,,,,,
illogical,financepy.market.volatility.FinFXVolSurface,financepy.market.volatility.FinFXVolSurface.buildVolSurface,,,,,,,,,,,,,,,,,,,
earth,financepy.market.volatility.FinFXVolSurface,financepy.market.volatility.FinFXVolSurface.buildVolSurface,,,,,,,,,,,,,,,,,,,
beneath,financepy.market.volatility.FinFXVolSurface,financepy.market.volatility.FinFXVolSurface.buildVolSurface,,,,,,,,,,,,,,,,,,,
fracking,financepy.market.volatility.FinFXVolSurface,financepy.market.volatility.FinFXVolSurface.buildVolSurface,,,,,,,,,,,,,,,,,,,
fx,financepy.market.volatility.FinFXVolSurface,,,,,,,,,,,,,,,,,,,,
further,financepy.market.volatility.FinFXVolSurface.volFunction,financepy.market.volatility.FinlborCapVolCurve.capletVol,financepy.market.volatility.FinlborCapVolCurve.capVol,financepy.market.volatility.FinlborCapVolCurveFn.capFloorletVol,,,,,,,,,,,,,,,,,
build,financepy.market.volatility.FinFXVolSurface.buildVolSurface,,,,,,,,,,,,,,,,,,,,
create,financepy.market.volatility.FinFXVolSurface.buildVolSurface,,,,,,,,,,,,,,,,,,,,
help,financepy.market.volatility.FinFXVolSurface.buildVolSurface,,,,,,,,,,,,,,,,,,,,
new,financepy.market.volatility.FinFXVolSurface.buildVolSurface,,,,,,,,,,,,,,,,,,,,
for,financepy.market.volatility.FinFXVolSurface.solveForSmileStrike,,,,,,,,,,,,,,,,,,,,
smile,financepy.market.volatility.FinFXVolSurface.solveForSmileStrike,,,,,,,,,,,,,,,,,,,,
theta,financepy.market.volatility.FinFXVolSurface.solveForSmileStrike,financepy.market.volatility.FinFXVolSurface.deltaFit,,,,,,,,,,,,,,,,,,,
vega,financepy.market.volatility.FinFXVolSurface.solveForSmileStrike,,,,,,,,,,,,,,,,,,,,
heteroskedasticity,financepy.market.volatility.FinFXVolSurface.solveForSmileStrike,,,,,,,,,,,,,,,,,,,,
strike,financepy.market.volatility.FinFXVolSurface.solveForSmileStrike,,,,,,,,,,,,,,,,,,,,
expiry,financepy.market.volatility.FinFXVolSurface.solveForSmileStrike,,,,,,,,,,,,,,,,,,,,
exercise,financepy.market.volatility.FinFXVolSurface.solveForSmileStrike,,,,,,,,,,,,,,,,,,,,
solve,financepy.market.volatility.FinFXVolSurface.solveForSmileStrike,,,,,,,,,,,,,,,,,,,,
problem,financepy.market.volatility.FinFXVolSurface.solveForSmileStrike,,,,,,,,,,,,,,,,,,,,
mathematical,financepy.market.volatility.FinFXVolSurface.solveForSmileStrike,,,,,,,,,,,,,,,,,,,,
math,financepy.market.volatility.FinFXVolSurface.solveForSmileStrike,,,,,,,,,,,,,,,,,,,,
solution,financepy.market.volatility.FinFXVolSurface.solveForSmileStrike,,,,,,,,,,,,,,,,,,,,
calibration,financepy.market.volatility.FinFXVolSurface.checkCalibration,,,,,,,,,,,,,,,,,,,,
plot,financepy.market.volatility.FinFXVolSurface.plotVolCurves,,,,,,,,,,,,,,,,,,,,
axis,financepy.market.volatility.FinFXVolSurface.plotVolCurves,,,,,,,,,,,,,,,,,,,,
depict,financepy.market.volatility.FinFXVolSurface.plotVolCurves,,,,,,,,,,,,,,,,,,,,
ohlc,financepy.market.volatility.FinFXVolSurface.plotVolCurves,,,,,,,,,,,,,,,,,,,,
obj,financepy.market.volatility.FinFXVolSurface.obj,,,,,,,,,,,,,,,,,,,,
delta,financepy.market.volatility.FinFXVolSurface.deltaFit,,,,,,,,,,,,,,,,,,,,
gamma,financepy.market.volatility.FinFXVolSurface.deltaFit,,,,,,,,,,,,,,,,,,,,
skymiles,financepy.market.volatility.FinFXVolSurface.deltaFit,,,,,,,,,,,,,,,,,,,,
neutral,financepy.market.volatility.FinFXVolSurface.deltaFit,,,,,,,,,,,,,,,,,,,,
omega,financepy.market.volatility.FinFXVolSurface.deltaFit,,,,,,,,,,,,,,,,,,,,
mid,financepy.market.volatility.FinlborCapVolCurve,financepy.market.volatility.FinlborCapVolCurve.capVol,financepy.market.volatility.FinlborCapVolCurveFn,financepy.market.volatility.FinlborCapVolCurveFn.capFloorletVol,,,,,,,,,,,,,,,,,
large,financepy.market.volatility.FinlborCapVolCurve,financepy.market.volatility.FinlborCapVolCurve.capVol,financepy.market.volatility.FinlborCapVolCurveFn,financepy.market.volatility.FinlborCapVolCurveFn.capFloorletVol,,,,,,,,,,,,,,,,,
finlbor,financepy.market.volatility.FinlborCapVolCurve,financepy.market.volatility.FinlborCapVolCurveFn,,,,,,,,,,,,,,,,,,,
caplet,financepy.market.volatility.FinlborCapVolCurve.generateCapletVols,financepy.market.volatility.FinlborCapVolCurve.capletVol,,,,,,,,,,,,,,,,,,,
vols,financepy.market.volatility.FinlborCapVolCurve.generateCapletVols,,,,,,,,,,,,,,,,,,,,
generate,financepy.market.volatility.FinlborCapVolCurve.generateCapletVols,,,,,,,,,,,,,,,,,,,,
profit,financepy.market.volatility.FinlborCapVolCurve.generateCapletVols,,,,,,,,,,,,,,,,,,,,
flow,financepy.market.volatility.FinlborCapVolCurve.generateCapletVols,,,,,,,,,,,,,,,,,,,,
thus,financepy.market.volatility.FinlborCapVolCurve.generateCapletVols,,,,,,,,,,,,,,,,,,,,
expect,financepy.market.volatility.FinlborCapVolCurve.generateCapletVols,,,,,,,,,,,,,,,,,,,,
rather,financepy.market.volatility.FinlborCapVolCurve.generateCapletVols,,,,,,,,,,,,,,,,,,,,
fn,financepy.market.volatility.FinlborCapVolCurveFn,,,,,,,,,,,,,,,,,,,,
floorlet,financepy.market.volatility.FinlborCapVolCurveFn.capFloorletVol,,,,,,,,,,,,,,,,,,,,
